Popularity,Accessibility,Gender_Ratio,Sustainability,Inclusivity,Relevance,Safety,Label,Prediction
0,0,0,1.3779863225904019,0.0,1.4410122536428553,4.166124573200886,1,1
0,0,0,2.8080502106252863,0.0,4.057061710121195,4.927366526259512,1,1
0,0,0,2.026554279737519,0.0,4.657157313028185,3.6474368825174603,1,1
0,0,0,1.2334942177919972,0.0,4.570522214455842,3.8670087530146593,1,1
0,0,0,1.2867768581284675,0.0,2.973273744485649,4.78653565857496,1,1
0,0,0,4.267157905396216,0.0,4.534178664438311,2.298098109365724,1,1
